Season,Date,Location,Opponent,Result,IlliniScore,OpponentScore,Note1,Note2,Note3,WinStreak
2015,5-Sep,vs.,Kent State,W,52,3,,,,0
2015,12-Sep,vs.,Western Illinois,W,44,0,,,,0
2015,19-Sep,@,North Carolina,L,14,48,,,,0
2015,26-Sep,vs.,Middle Tennessee State,W,27,25,,,,0
2015,3-Oct,vs.,Nebraska,W,14,13,,,,0
2015,10-Oct,@,Iowa,L,20,29,,,,0
2015,24-Oct,vs.,Wisconsin,L,13,24,,,,0
2015,31-Oct,@,Penn State,L,0,39,,,,1
2015,7-Nov,@,Purdue,W,48,14,,,,0
2015,14-Nov,vs.,Ohio State,L,3,28,,,,0
2015,21-Nov,@,Minnesota,L,23,32,,,,1
2015,28-Nov,vs.,Northwestern,L,14,24,@ Chicago,IL,,1
2014,30-Aug,vs.,Youngstown State,W,28,17,,,,0
2014,6-Sep,vs.,Western Kentucky,W,42,34,,,,0
2014,13-Sep,@,Washington,L,19,44,,,,0
2014,20-Sep,vs.,Texas State,W,42,35,,,,0
2014,27-Sep,@,Nebraska,L,14,45,,,,0
2014,4-Oct,vs.,Purdue,L,27,38,,,,1
2014,11-Oct,@,Wisconsin,L,28,38,,,,0
2014,25-Oct,vs.,Minnesota,W,28,24,,,,0
2014,1-Nov,@,Ohio State,L,14,55,,,,0
2014,15-Nov,vs.,Iowa,L,14,30,,,,0
2014,22-Nov,vs.,Penn State,W,16,14,,,,0
2014,29-Nov,@,Northwestern,W,47,33,,,,0
2014,26-Dec,vs.,Louisiana Tech,L,18,35,@ Dallas, TX,Heart of Dallas Bowl,0
2013,31-Aug,vs.,Southern Illinois,W,42,34,,,,0
2013,7-Sep,vs.,Cincinnati,W,45,17,,,,0
2013,14-Sep,vs.,Washington,L,24,34,@ Chicago, IL,,0
2013,28-Sep,vs.,Miami,W,50,14,,,,0
2013,5-Oct,@,Nebraska,L,19,39,,,,0
2013,19-Oct,vs.,Wisconsin,L,32,56,,,,0
2013,26-Oct,vs.,Michigan State,L,3,42,,,,0
2013,2-Nov,@,Penn State,L,17,24,,,,0
2013,9-Nov,@,Indiana,L,35,52,,,,0
2013,16-Nov,vs.,Ohio State,L,35,60,,,,0
2013,23-Nov,@,Purdue,W,20,16,,,,0
2013,30-Nov,vs.,Northwestern,L,34,37,,,,0
2012,1-Sep,vs.,Western Michigan,W,24,7,,,,1
2012,8-Sep,@,Arizona State,L,14,45,,,,1
2012,15-Sep,vs.,Charleston Southern,W,44,0,,,,0
2012,22-Sep,vs.,Louisiana Tech,L,24,52,,,,0
2012,29-Sep,vs.,Penn State,L,7,35,,,,0
2012,6-Oct,@,Wisconsin,L,14,31,,,,0
2012,13-Oct,@,Michigan,L,0,45,,,,0
2012,27-Oct,vs.,Indiana,L,17,31,,,,2
2012,3-Nov,@,Ohio State,L,22,52,,,,0
2012,10-Nov,vs.,Minnesota,L,3,17,,,,0
2012,17-Nov,vs.,Purdue,L,17,20,,,,0
2012,24-Nov,@,Northwestern,L,14,50,,,,2
2011,3-Sep,vs.,Arkansas State,W,33,15,,,,0
2011,10-Sep,vs.,South Dakota State,W,56,3,,,,0
2011,17-Sep,vs.,Arizona State,W,17,14,,,,0
2011,24-Sep,vs.,Western Michigan,W,23,20,,,,0
2011,1-Oct,vs.,Northwestern,W,38,35,,,,1
2011,8-Oct,@,Indiana,W,41,20,,,,1
2011,15-Oct,vs.,Ohio State,L,7,17,,,,0
2011,22-Oct,@,Purdue,L,14,21,,,,1
2011,29-Oct,@,Penn State,L,7,10,,,,1
2011,12-Nov,vs.,Michigan,L,14,31,,,,0
2011,19-Nov,vs.,Wisconsin,L,17,28,,,,0
2011,26-Nov,@,Minnesota,L,7,27,,,,0
2011,31-Dec,vs.,UCLA,W,20,14,@ San Francisco, CA,Fight Hunger Bowl,0
2010,4-Sep,vs.,Missouri,L,13,23,@ St. Louis, MO,,0
2010,11-Sep,vs.,Southern Illinois,W,35,3,,,,0
2010,18-Sep,vs.,Northern Illinois,W,28,22,,,,0
2010,2-Oct,vs.,Ohio State,L,13,24,,,,0
2010,9-Oct,@,Penn State,W,33,13,,,,0
2010,16-Oct,@,Michigan State,L,6,26,,,,0
2010,23-Oct,vs.,Indiana,W,43,13,,,,0
2010,30-Oct,vs.,Purdue,W,44,10,,,,0
2010,6-Nov,@,Michigan,L,65,67,,,,2
2010,13-Nov,vs.,Minnesota,L,34,38,,,,1
2010,20-Nov,vs.,Northwestern,W,48,27,@ Chicago, IL,,0
2010,3-Dec,@,Fresno State,L,23,25,,,,0
2010,29-Dec,vs.,Baylor,W,38,14,@ Houston, TX,Texas Bowl,0
2009,5-Sep,vs.,Missouri,L,9,37,@ St. Louis, MO,,0
2009,12-Sep,vs.,Illinois State,W,45,17,,,,0
2009,26-Sep,@,Ohio State,L,0,30,,,,0
2009,3-Oct,vs.,Penn State,L,17,35,,,,0
2009,10-Oct,vs.,Michigan State,L,14,24,,,,0
2009,17-Oct,@,Indiana,L,14,27,,,,2
2009,24-Oct,@,Purdue,L,14,24,,,,0
2009,31-Oct,vs.,Michigan,W,38,13,,,,1
2009,7-Nov,@,Minnesota,W,35,32,,,,0
2009,14-Nov,vs.,Northwestern,L,16,21,,,,0
2009,27-Nov,@,Cincinnati,L,36,49,,,,0
2009,5-Dec,vs.,Fresno State,L,52,53,,,,0
2008,30-Aug,vs.,Missouri,L,42,52,@ St. Louis, MO,,0
2008,6-Sep,vs.,Eastern Illinois,W,47,21,,,,0
2008,13-Sep,vs.,Louisiana-Lafayette,W,20,17,,,,0
2008,27-Sep,@,Penn State,L,24,38,,,,1
2008,4-Oct,@,Michigan,W,45,20,,,,0
2008,11-Oct,vs.,Minnesota,L,20,27,,,,1
2008,18-Oct,vs.,Indiana,W,55,13,,,,1
2008,25-Oct,@,Wisconsin,L,17,27,,,,1
2008,1-Nov,vs.,Iowa,W,27,24,,,,0
2008,8-Nov,vs.,Western Michigan,L,17,23,@ Detroit, MI,,0
2008,15-Nov,vs.,Ohio State,L,20,30,,,,1
2008,22-Nov,@,Northwestern,L,10,27,,,,1
2007,1-Jan,vs.,Southern California,L,17,49,@ Pasadena, CA,Rose Bowl,0
2007,1-Sep,vs.,Missouri,L,34,40,@ St. Louis, MO,,0
2007,8-Sep,vs.,Western Illinois,W,21,0,,,,0
2007,15-Sep,@,Syracuse,W,41,20,,,,0
2007,22-Sep,@,Indiana,W,27,14,,,,0
2007,29-Sep,vs.,Penn State,W,27,20,,,,0
2007,6-Oct,vs.,Wisconsin,W,31,26,,,,0
2007,13-Oct,@,Iowa,L,6,10,,,,0
2007,20-Oct,vs.,Michigan,L,17,27,,,,0
2007,27-Oct,vs.,Ball State,W,28,17,,,,0
2007,3-Nov,@,Minnesota,W,44,17,,,,0
2007,10-Nov,@,Ohio State,W,28,21,,,,0
2007,17-Nov,vs.,Northwestern,W,41,22,,,,0
2006,2-Sep,vs.,Eastern Illinois,W,42,17,,,,0
2006,9-Sep,@,Rutgers,L,0,33,,,,1
2006,16-Sep,vs.,Syracuse,L,21,31,,,,0
2006,23-Sep,vs.,Iowa,L,7,24,,,,0
2006,30-Sep,@,Michigan State,W,23,20,,,,0
2006,7-Oct,vs.,Indiana,L,32,34,,,,0
2006,14-Oct,vs.,Ohio,L,17,20,,,,0
2006,21-Oct,@,Penn State,L,12,26,,,,0
2006,28-Oct,@,Wisconsin,L,24,30,,,,0
2006,4-Nov,vs.,Ohio State,L,10,17,,,,0
2006,11-Nov,vs.,Purdue,L,31,42,,,,0
2006,18-Nov,@,Northwestern,L,16,27,,,,0
2005,3-Sep,vs.,Rutgers,W,33,30,,,,0
2005,10-Sep,vs.,San Jose State,W,40,19,,,,0
2005,17-Sep,@,California,L,20,35,,,,0
2005,24-Sep,vs.,Michigan State,L,14,61,,,,0
2005,1-Oct,@,Iowa,L,7,35,,,,0
2005,8-Oct,@,Indiana,L,13,36,,,,1
2005,22-Oct,vs.,Penn State,L,10,63,,,,0
2005,29-Oct,vs.,Wisconsin,L,24,41,,,,0
2005,5-Nov,@,Ohio State,L,2,40,,,,0
2005,12-Nov,@,Purdue,L,3,37,,,,0
2005,19-Nov,vs.,Northwestern,L,21,38,,,,0
2004,4-Sep,vs.,Florida A&M,W,52,13,,,,0
2004,11-Sep,vs.,UCLA,L,17,35,,,,0
2004,18-Sep,vs.,Western Michigan,W,30,27,,,,0
2004,25-Sep,vs.,Purdue,L,30,38,,,,0
2004,2-Oct,@,Wisconsin,L,7,24,,,,0
2004,9-Oct,@,Michigan State,L,25,38,,,,0
2004,16-Oct,vs.,Michigan,L,19,30,,,,0
2004,23-Oct,@,Minnesota,L,0,45,,,,0
2004,30-Oct,vs.,Iowa,L,13,23,,,,0
2004,6-Nov,vs.,Indiana,W,26,22,,,,0
2004,20-Nov,@,Northwestern,L,21,28,,,,0
2003,30-Aug,vs.,Missouri,L,15,22,@ St. Louis, MO,,0
2003,6-Sep,vs.,Illinois State,W,49,22,,,,0
2003,13-Sep,@,UCLA,L,3,6,,,,0
2003,20-Sep,vs.,California,L,24,31,,,,0
2003,27-Sep,vs.,Wisconsin,L,20,38,,,,2
2003,4-Oct,@,Purdue,L,10,43,,,,2
2003,11-Oct,vs.,Michigan State,L,14,49,,,,0
2003,18-Oct,@,Michigan,L,14,56,,,,0
2003,25-Oct,vs.,Minnesota,L,10,36,,,,0
2003,1-Nov,@,Iowa,L,10,41,,,,0
2003,8-Nov,@,Indiana,L,14,17,,,,3
2003,22-Nov,vs.,Northwestern,L,20,37,,,,2
2002,31-Aug,vs.,Missouri,L,20,33,@ St. Louis, MO,,0
2002,7-Sep,@,Southern Mississippi,L,20,23,,,,0
2002,14-Sep,vs.,Arkansas State,W,59,7,,,,0
2002,21-Sep,vs.,San Jose State,L,35,38,,,,0
2002,28-Sep,vs.,Michigan,L,28,45,,,,0
2002,3-Oct,@,Minnesota,L,10,31,,,,1
2002,12-Oct,vs.,Purdue,W,38,31,,,,1
2002,26-Oct,vs.,Indiana,W,45,14,,,,2
2002,2-Nov,@,Penn State,L,7,18,,,,1
2002,9-Nov,@,Wisconsin,W,37,20,,,,1
2002,16-Nov,vs.,Ohio State,L,16,23,,,,1
2002,23-Nov,@,Northwestern,W,31,24,,,,1
2001,1-Jan,vs.,Louisiana State,L,34,47,@ New Orleans, LA,Sugar Bowl,0
2001,1-Sep,@,California,W,44,17,,,,1
2001,8-Sep,vs.,Northern Illinois,W,17,12,,,,0
2001,22-Sep,vs.,Louisville,W,34,10,,,,0
2001,29-Sep,@,Michigan,L,20,45,,,,0
2001,6-Oct,vs.,Minnesota,W,25,14,,,,0
2001,13-Oct,@,Indiana,W,35,14,,,,1
2001,20-Oct,vs.,Wisconsin,W,42,35,,,,0
2001,3-Nov,@,Purdue,W,38,13,,,,0
2001,10-Nov,vs.,Penn State,W,33,28,,,,0
2001,17-Nov,@,Ohio State,W,34,22,,,,0
2001,22-Nov,vs.,Northwestern,W,34,28,,,,0
2000,2-Sep,vs.,Middle Tennessee State,W,35,6,,,,0
2000,9-Sep,@,San Diego State,W,49,13,,,,1
2000,16-Sep,vs.,California,W,17,15,,,,0
2000,23-Sep,vs.,Michigan,L,31,35,,,,1
2000,30-Sep,@,Minnesota,L,10,44,,,,0
2000,14-Oct,vs.,Iowa,W,31,0,,,,1
2000,21-Oct,@,Penn State,L,25,39,,,,0
2000,28-Oct,@,Michigan State,L,10,14,,,,0
2000,4-Nov,vs.,Indiana,W,42,35,,,,0
2000,11-Nov,vs.,Ohio State,L,21,24,,,,1
2000,18-Nov,@,Northwestern,L,23,61,,,,2
1999,4-Sep,vs.,Arkansas State,W,41,3,,,,0
1999,11-Sep,vs.,San Diego State,W,38,10,,,,0
1999,18-Sep,@,Louisville,W,41,36,,,,0
1999,25-Sep,vs.,Michigan State,L,10,27,,,,0
1999,2-Oct,@,Indiana,L,31,34,,,,1
1999,16-Oct,vs.,Minnesota,L,7,37,,,,0
1999,23-Oct,@,Michigan,W,35,29,,,,0
1999,30-Oct,vs.,Penn State,L,7,27,,,,0
1999,6-Nov,@,Iowa,W,40,24,,,,0
1999,13-Nov,@,Ohio State,W,46,20,,,,0
1999,20-Nov,vs.,Northwestern,W,29,7,,,,1
1999,30-Dec,vs.,Virginia,W,63,21,@ Miami, FL,Micron PC Bowl,0
1998,5-Sep,@,Washington State,L,13,20,,,,0
1998,12-Sep,vs.,Middle Tennessee State,W,48,20,,,,0
1998,19-Sep,vs.,Louisville,L,9,35,,,,0
1998,26-Sep,vs.,Iowa,L,14,37,,,,0
1998,3-Oct,@,Northwestern,W,13,10,,,,0
1998,10-Oct,vs.,Ohio State,L,0,41,,,,0
1998,17-Oct,vs.,Wisconsin,L,3,37,,,,0
1998,24-Oct,@,Purdue,L,9,42,,,,0
1998,31-Oct,@,Penn State,L,0,27,,,,0
1998,7-Nov,vs.,Indiana,W,31,16,,,,0
1998,21-Nov,@,Michigan State,L,9,41,,,,0
1997,6-Sep,vs.,Southern Mississippi,L,7,24,,,,0
1997,13-Sep,@,Louisville,L,14,26,,,,0
1997,20-Sep,vs.,Washington State,L,22,35,,,,0
1997,27-Sep,@,Iowa,L,10,38,,,,0
1997,4-Oct,vs.,Penn State,L,6,41,,,,0
1997,11-Oct,@,Wisconsin,L,7,31,,,,0
1997,25-Oct,vs.,Purdue,L,3,48,,,,0
1997,1-Nov,@,Indiana,L,6,23,,,,2
1997,8-Nov,vs.,Northwestern,L,21,34,,,,0
1997,15-Nov,@,Ohio State,L,6,41,,,,0
1997,22-Nov,vs.,Michigan State,L,17,27,,,,0
1996,31-Aug,@,Michigan,L,8,20,,,,0
1996,7-Sep,vs.,Southern California,L,3,55,,,,0
1996,14-Sep,@,Arizona,L,0,41,,,,1
1996,21-Sep,vs.,Akron,W,38,7,,,,0
1996,5-Oct,vs.,Indiana,W,46,43,,,,1
1996,12-Oct,@,Michigan State,L,14,42,,,,0
1996,26-Oct,@,Northwestern,L,24,27,,,,0
1996,2-Nov,vs.,Iowa,L,21,31,,,,3
1996,9-Nov,vs.,Ohio State,L,0,48,,,,0
1996,16-Nov,@,Minnesota,L,21,23,,,,3
1996,23-Nov,vs.,Wisconsin,L,15,35,,,,0
1995,2-Sep,vs.,Michigan,L,14,38,,,,0
1995,9-Sep,@,Oregon,L,31,34,,,,0
1995,16-Sep,vs.,Arizona,W,9,7,,,,0
1995,23-Sep,vs.,East Carolina,W,7,0,,,,1
1995,7-Oct,@,Indiana,W,17,10,,,,0
1995,14-Oct,vs.,Michigan State,L,21,27,,,,0
1995,28-Oct,vs.,Northwestern,L,14,17,,,,2
1995,4-Nov,@,Iowa,W,26,7,,,,2
1995,11-Nov,@,Ohio State,L,3,41,,,,1
1995,18-Nov,vs.,Minnesota,W,48,14,,,,2
1995,25-Nov,@,Wisconsin,T,3,3,,,,0
1994,1-Sep,vs.,Washington State,L,9,10,@ Chicago, IL,,0
1994,10-Sep,vs.,Missouri,W,42,0,,,,0
1994,17-Sep,vs.,Northern Illinois,W,34,10,,,,0
1994,1-Oct,vs.,Purdue,L,16,22,,,,6
1994,8-Oct,@,Ohio State,W,24,10,,,,0
1994,15-Oct,vs.,Iowa,W,47,7,,,,1
1994,22-Oct,vs.,Michigan,L,14,19,,,,1
1994,29-Oct,@,Northwestern,W,28,7,,,,1
1994,5-Nov,@,Minnesota,W,21,17,,,,1
1994,12-Nov,vs.,Penn State,L,31,35,,,,0
1994,19-Nov,@,Wisconsin,L,13,19,,,,0
1994,31-Dec,vs.,East Carolina,W,30,0,@ Memphis, TN,Liberty Bowl,0
1993,11-Sep,@,Missouri,L,3,31,,,,1
1993,18-Sep,vs.,Arizona,L,14,16,,,,0
1993,25-Sep,vs.,Oregon,L,7,13,,,,0
1993,2-Oct,@,Purdue,W,28,10,,,,5
1993,9-Oct,vs.,Ohio State,L,12,20,,,,5
1993,16-Oct,@,Iowa,W,49,3,,,,0
1993,23-Oct,@,Michigan,W,24,21,,,,0
1993,30-Oct,vs.,Northwestern,W,20,13,,,,0
1993,6-Nov,vs.,Minnesota,W,23,20,,,,0
1993,13-Nov,@,Penn State,L,14,28,,,,0
1993,20-Nov,vs.,Wisconsin,L,10,35,,,,6
1992,5-Sep,vs.,Northern Illinois,W,30,14,,,,0
1992,12-Sep,vs.,Missouri,W,24,17,,,,0
1992,19-Sep,@,Houston,L,13,31,,,,1
1992,3-Oct,@,Minnesota,L,17,18,,,,1
1992,10-Oct,@,Ohio State,W,18,16,,,,4
1992,17-Oct,vs.,Iowa,L,14,24,,,,0
1992,24-Oct,vs.,Northwestern,L,26,27,,,,0
1992,31-Oct,@,Wisconsin,W,13,12,,,,5
1992,7-Nov,vs.,Purdue,W,20,17,,,,4
1992,14-Nov,@,Michigan,T,22,22,,,,0
1992,21-Nov,vs.,Michigan State,W,14,10,,,,0
1992,30-Dec,vs.,Hawaii,L,17,27,@ San Diego, CA,Holiday Bowl,0
1991,31-Aug,vs.,East Carolina,W,38,31,,,,0
1991,14-Sep,@,Missouri,L,19,23,,,,0
1991,21-Sep,vs.,Houston,W,51,10,,,,0
1991,5-Oct,vs.,Minnesota,W,24,3,,,,0
1991,12-Oct,vs.,Ohio State,W,10,7,,,,3
1991,19-Oct,@,Iowa,L,21,24,,,,0
1991,26-Oct,@,Northwestern,L,11,17,,,,3
1991,2-Nov,vs.,Wisconsin,W,22,6,,,,4
1991,9-Nov,@,Purdue,W,41,14,,,,3
1991,16-Nov,vs.,Michigan,L,0,20,,,,0
1991,23-Nov,@,Michigan State,L,24,27,,,,2
1991,31-Dec,vs.,UCLA,L,3,6,@ El Paso, TX,Sun Bowl,0
1990,1-Jan,vs.,Clemson,L,0,30,@ Tampa, FL,Hall of Fame Bowl,0
1990,8-Sep,@,Arizona,L,16,28,,,,0
1990,15-Sep,vs.,Colorado,W,23,22,,,,0
1990,22-Sep,vs.,Southern Illinois,W,56,21,,,,0
1990,6-Oct,@,Ohio State,W,31,20,,,,2
1990,13-Oct,vs.,Purdue,W,34,0,,,,2
1990,20-Oct,vs.,Michigan State,W,15,13,,,,1
1990,27-Oct,@,Wisconsin,W,21,3,,,,3
1990,3-Nov,vs.,Iowa,L,28,54,,,,1
1990,10-Nov,@,Michigan,L,17,22,,,,0
1990,17-Nov,@,Indiana,W,24,10,,,,2
1990,24-Nov,vs.,Northwestern,W,28,23,,,,2
1989,1-Jan,vs.,Virginia,W,31,21,@ Orlando, FL,Citrus Bowl,0
1989,4-Sep,@,Southern California,W,14,13,,,,0
1989,16-Sep,@,Colorado,L,7,38,,,,0
1989,23-Sep,vs.,Utah State,W,41,2,,,,0
1989,7-Oct,vs.,Ohio State,W,34,14,,,,1
1989,14-Oct,@,Purdue,W,14,2,,,,1
1989,21-Oct,@,Michigan State,W,14,10,,,,0
1989,28-Oct,vs.,Wisconsin,W,32,9,,,,2
1989,4-Nov,@,Iowa,W,31,7,,,,0
1989,11-Nov,vs.,Michigan,L,10,24,,,,0
1989,18-Nov,vs.,Indiana,W,41,28,,,,1
1989,25-Nov,@,Northwestern,W,63,14,,,,1
1988,3-Sep,vs.,Washington State,L,7,44,,,,0
1988,10-Sep,@,Arizona State,L,16,21,,,,0
1988,17-Sep,vs.,Utah,W,35,24,,,,0
1988,1-Oct,@,Ohio State,W,31,12,,,,0
1988,8-Oct,vs.,Purdue,W,20,0,,,,0
1988,15-Oct,@,Wisconsin,W,34,6,,,,1
1988,22-Oct,vs.,Michigan State,L,21,28,,,,0
1988,29-Oct,@,Minnesota,T,27,27,,,,1
1988,5-Nov,vs.,Indiana,W,21,20,,,,0
1988,12-Nov,@,Michigan,L,9,38,,,,0
1988,19-Nov,vs.,Northwestern,W,14,9,,,,0
1988,29-Dec,vs.,Florida,L,10,14,@ Birmingham, AL,All-American Bowl,0
1987,5-Sep,@,North Carolina,L,14,34,,,,0
1987,12-Sep,vs.,Arizona State,L,7,21,,,,0
1987,19-Sep,vs.,East Carolina,W,20,10,,,,0
1987,3-Oct,vs.,Ohio State,L,6,10,,,,0
1987,10-Oct,@,Purdue,L,3,9,,,,1
1987,17-Oct,vs.,Wisconsin,W,16,14,,,,0
1987,24-Oct,@,Michigan State,T,14,14,,,,0
1987,31-Oct,vs.,Minnesota,W,27,17,,,,0
1987,7-Nov,@,Indiana,L,22,34,,,,6
1987,14-Nov,vs.,Michigan,L,14,17,,,,0
1987,21-Nov,@,Northwestern,L,10,28,,,,0
1986,6-Sep,vs.,Louisville,W,23,0,,,,0
1986,13-Sep,@,Southern California,L,16,31,,,,0
1986,20-Sep,vs.,Nebraska,L,14,59,,,,0
1986,4-Oct,@,Ohio State,L,0,14,,,,1
1986,11-Oct,vs.,Purdue,W,34,27,,,,0
1986,18-Oct,vs.,Michigan State,L,21,29,,,,6
1986,25-Oct,@,Wisconsin,L,9,15,,,,5
1986,1-Nov,@,Michigan,L,13,69,,,,0
1986,8-Nov,vs.,Iowa,W,20,16,,,,0
1986,15-Nov,@,Indiana,W,21,16,,,,5
1986,22-Nov,vs.,Northwestern,L,18,23,,,,7
1985,7-Sep,vs.,Southern California,L,10,20,,,,0
1985,14-Sep,vs.,Southern Illinois,W,28,25,,,,0
1985,21-Sep,@,Nebraska,L,25,52,,,,0
1985,5-Oct,vs.,Ohio State,W,31,28,,,,0
1985,12-Oct,@,Purdue,L,24,30,,,,3
1985,19-Oct,@,Michigan State,W,30,17,,,,5
1985,26-Oct,vs.,Wisconsin,W,38,25,,,,4
1985,2-Nov,vs.,Michigan,T,3,3,,,,0
1985,9-Nov,@,Iowa,L,0,59,,,,0
1985,16-Nov,vs.,Indiana,W,41,24,,,,4
1985,23-Nov,@,Northwestern,W,45,20,,,,6
1985,31-Dec,vs.,Army,L,29,31,@ Atlanta, GA,Peach Bowl,0
1984,1-Sep,vs.,Northwestern,W,24,16,,,,5
1984,8-Sep,vs.,Missouri,W,30,24,,,,0
1984,15-Sep,@,Stanford,L,19,34,,,,1
1984,22-Sep,vs.,Michigan State,W,40,7,,,,4
1984,29-Sep,@,Iowa,L,16,21,,,,1
1984,6-Oct,vs.,Wisconsin,W,22,6,,,,3
1984,13-Oct,@,Ohio State,L,38,45,,,,1
1984,20-Oct,vs.,Purdue,W,34,20,,,,2
1984,27-Oct,@,Michigan,L,18,26,,,,1
1984,3-Nov,vs.,Minnesota,W,48,3,,,,3
1984,10-Nov,vs.,Indiana,W,34,7,@ Indianapolis, IN,,3
1983,2-Jan,vs.,UCLA,L,9,45,@ Pasadena, CA,Rose Bowl,0
1983,10-Sep,@,Missouri,L,18,28,,,,0
1983,17-Sep,vs.,Stanford,W,17,7,,,,0
1983,24-Sep,@,Michigan State,W,20,10,,,,3
1983,1-Oct,vs.,Iowa,W,33,0,,,,0
1983,8-Oct,@,Wisconsin,W,27,15,,,,2
1983,15-Oct,vs.,Ohio State,W,17,13,,,,0
1983,22-Oct,@,Purdue,W,35,21,,,,1
1983,29-Oct,vs.,Michigan,W,16,6,,,,0
1983,5-Nov,@,Minnesota,W,50,23,,,,2
1983,12-Nov,vs.,Indiana,W,49,21,,,,2
1983,19-Nov,@,Northwestern,W,56,24,,,,4
1982,4-Sep,vs.,Northwestern,W,49,13,,,,3
1982,11-Sep,vs.,Michigan State,W,23,16,,,,2
1982,18-Sep,@,Syracuse,W,47,10,,,,1
1982,25-Sep,vs.,Pittsburgh,L,3,20,,,,0
1982,2-Oct,@,Minnesota,W,42,24,,,,1
1982,9-Oct,vs.,Purdue,W,38,34,,,,0
1982,16-Oct,vs.,Ohio State,L,21,26,,,,0
1982,23-Oct,@,Wisconsin,W,29,28,,,,1
1982,30-Oct,@,Iowa,L,13,14,,,,2
1982,6-Nov,vs.,Michigan,L,10,16,,,,0
1982,13-Nov,@,Indiana,W,48,7,,,,1
1982,29-Dec,vs.,Alabama,L,15,21,@ Memphis, TN,Liberty Bowl,0
1981,5-Sep,@,Pittsburgh,L,6,26,,,,0
1981,12-Sep,@,Michigan State,W,27,17,,,,1
1981,19-Sep,vs.,Syracuse,W,17,14,,,,0
1981,3-Oct,vs.,Minnesota,W,38,29,,,,0
1981,10-Oct,@,Purdue,L,20,44,,,,0
1981,17-Oct,@,Ohio State,L,27,34,,,,0
1981,24-Oct,vs.,Wisconsin,W,23,21,,,,0
1981,31-Oct,vs.,Iowa,W,24,7,,,,1
1981,7-Nov,@,Michigan,L,21,70,,,,0
1981,14-Nov,vs.,Indiana,W,35,14,,,,0
1981,21-Nov,@,Northwestern,W,49,12,,,,2
1980,6-Sep,vs.,Northwestern,W,35,9,,,,1
1980,13-Sep,vs.,Michigan State,W,20,17,,,,0
1980,20-Sep,@,Missouri,L,7,52,,,,0
1980,27-Sep,vs.,Air Force,T,20,20,,,,1
1980,4-Oct,vs.,Mississippi State,L,21,28,,,,0
1980,11-Oct,@,Iowa,W,20,14,,,,0
1980,18-Oct,vs.,Purdue,L,20,45,,,,0
1980,25-Oct,@,Michigan,L,14,45,,,,0
1980,1-Nov,vs.,Minnesota,L,18,21,,,,0
1980,8-Nov,@,Ohio State,L,42,49,,,,0
1980,15-Nov,@,Indiana,L,24,26,,,,0
1979,8-Sep,@,Michigan State,L,16,33,,,,0
1979,15-Sep,vs.,Missouri,L,6,14,,,,0
1979,22-Sep,@,Air Force,W,27,19,,,,0
1979,29-Sep,vs.,Navy,L,12,13,,,,0
1979,6-Oct,vs.,Iowa,L,7,13,,,,0
1979,13-Oct,@,Purdue,L,14,28,,,,0
1979,20-Oct,vs.,Michigan,L,7,27,,,,0
1979,27-Oct,@,Minnesota,T,17,17,,,,0
1979,3-Nov,vs.,Ohio State,L,7,44,,,,0
1979,10-Nov,vs.,Indiana,L,14,45,,,,0
1979,17-Nov,@,Northwestern,W,29,13,,,,0
1978,9-Sep,vs.,Northwestern,T,0,0,,,,0
1978,16-Sep,@,Michigan,L,0,31,,,,0
1978,23-Sep,vs.,Stanford,L,10,35,,,,0
1978,30-Sep,@,Syracuse,W,28,14,,,,0
1978,7-Oct,@,Missouri,L,3,45,,,,2
1978,14-Oct,vs.,Wisconsin,T,20,20,,,,0
1978,21-Oct,vs.,Purdue,L,0,13,,,,2
1978,28-Oct,@,Indiana,L,10,31,,,,1
1978,4-Nov,vs.,Michigan State,L,19,59,,,,0
1978,11-Nov,@,Ohio State,L,7,45,,,,0
1978,18-Nov,@,Minnesota,L,6,24,,,,0
1977,10-Sep,vs.,Michigan,L,9,37,,,,0
1977,17-Sep,vs.,Missouri,W,11,7,,,,1
1977,24-Sep,@,Stanford,L,24,37,,,,0
1977,1-Oct,vs.,Syracuse,L,20,30,,,,0
1977,8-Oct,@,Wisconsin,L,0,26,,,,1
1977,15-Oct,@,Purdue,W,29,22,,,,1
1977,22-Oct,vs.,Indiana,W,21,7,,,,0
1977,29-Oct,@,Michigan State,L,20,49,,,,0
1977,5-Nov,vs.,Ohio State,L,0,35,,,,0
1977,12-Nov,vs.,Minnesota,L,0,21,,,,0
1977,19-Nov,@,Northwestern,L,7,21,,,,3
1976,11-Sep,vs.,Iowa,W,24,6,,,,1
1976,18-Sep,@,Missouri,W,31,6,,,,0
1976,25-Sep,vs.,Baylor,L,19,34,,,,0
1976,2-Oct,vs.,Texas A&M,L,7,14,,,,0
1976,9-Oct,@,Minnesota,L,14,29,,,,2
1976,16-Oct,@,Purdue,W,21,17,,,,0
1976,23-Oct,vs.,Michigan State,L,23,31,,,,1
1976,30-Oct,vs.,Wisconsin,W,31,25,,,,0
1976,6-Nov,@,Ohio State,L,10,42,,,,0
1976,13-Nov,@,Michigan,L,7,38,,,,0
1976,20-Nov,vs.,Northwestern,W,48,6,,,,2
1975,13-Sep,@,Iowa,W,27,12,,,,0
1975,20-Sep,vs.,Missouri,L,20,30,,,,0
1975,27-Sep,@,Texas A&M,L,13,43,,,,0
1975,4-Oct,vs.,Washington State,W,27,21,,,,1
1975,11-Oct,vs.,Minnesota,W,42,23,,,,1
1975,18-Oct,vs.,Purdue,L,24,26,,,,2
1975,25-Oct,@,Michigan State,W,21,19,,,,0
1975,1-Nov,@,Wisconsin,L,9,18,,,,0
1975,8-Nov,vs.,Ohio State,L,3,40,,,,0
1975,15-Nov,vs.,Michigan,L,15,21,,,,0
1975,22-Nov,@,Northwestern,W,28,7,,,,1
1974,14-Sep,vs.,Indiana,W,16,0,,,,3
1974,21-Sep,@,Stanford,W,41,7,,,,0
1974,28-Sep,vs.,Washington State,W,21,19,,,,0
1974,5-Oct,vs.,California,L,14,31,,,,1
1974,12-Oct,@,Purdue,W,27,23,,,,1
1974,19-Oct,vs.,Michigan State,T,21,21,,,,1
1974,26-Oct,@,Iowa,L,12,14,,,,1
1974,2-Nov,@,Ohio State,L,7,49,,,,0
1974,9-Nov,vs.,Michigan,L,6,14,,,,0
1974,16-Nov,@,Minnesota,W,17,14,,,,0
1974,23-Nov,vs.,Northwestern,W,28,14,,,,0
1973,15-Sep,@,Indiana,W,28,14,,,,2
1973,22-Sep,@,California,W,27,7,,,,0
1973,29-Sep,vs.,West Virginia,L,10,17,,,,0
1973,6-Oct,vs.,Stanford,L,0,24,,,,0
1973,13-Oct,vs.,Purdue,W,15,13,,,,0
1973,20-Oct,@,Michigan State,W,6,3,,,,0
1973,27-Oct,vs.,Iowa,W,50,0,,,,0
1973,3-Nov,vs.,Ohio State,L,0,30,,,,0
1973,10-Nov,@,Michigan,L,6,21,,,,0
1973,17-Nov,vs.,Minnesota,L,16,19,,,,0
1973,24-Nov,@,Northwestern,L,6,9,,,,2
1972,16-Sep,vs.,Michigan State,L,0,24,,,,0
1972,23-Sep,vs.,Southern California,L,20,55,,,,0
1972,30-Sep,@,Washington,L,11,31,,,,0
1972,7-Oct,vs.,Penn State,L,17,35,,,,0
1972,14-Oct,@,Ohio State,L,7,26,,,,0
1972,21-Oct,vs.,Michigan,L,7,31,,,,0
1972,28-Oct,@,Purdue,L,14,20,,,,2
1972,4-Nov,@,Northwestern,W,43,13,,,,1
1972,11-Nov,vs.,Indiana,W,37,20,,,,1
1972,18-Nov,vs.,Wisconsin,W,27,7,,,,1
1972,25-Nov,@,Iowa,L,14,15,,,,1
1971,11-Sep,@,Michigan State,L,0,10,,,,0
1971,18-Sep,vs.,North Carolina,L,0,27,,,,0
1971,25-Sep,@,Southern California,L,0,28,,,,0
1971,2-Oct,vs.,Washington,L,14,52,,,,0
1971,9-Oct,vs.,Ohio State,L,10,24,,,,0
1971,16-Oct,@,Michigan,L,6,35,,,,0
1971,23-Oct,vs.,Purdue,W,21,7,,,,1
1971,30-Oct,vs.,Northwestern,W,24,7,,,,0
1971,6-Nov,@,Indiana,W,22,21,,,,0
1971,13-Nov,@,Wisconsin,W,35,27,,,,0
1971,20-Nov,vs.,Iowa,W,31,0,,,,0
1970,19-Sep,vs.,Oregon,W,20,16,,,,0
1970,26-Sep,vs.,Tulane,L,9,23,,,,0
1970,3-Oct,vs.,Syracuse,W,27,0,,,,0
1970,10-Oct,@,Northwestern,L,0,48,,,,0
1970,17-Oct,vs.,Indiana,L,24,30,,,,0
1970,24-Oct,vs.,Ohio State,L,29,48,,,,0
1970,31-Oct,@,Purdue,W,23,21,,,,0
1970,7-Nov,@,Michigan,L,0,42,,,,0
1970,14-Nov,vs.,Wisconsin,L,17,29,,,,0
1970,21-Nov,@,Iowa,L,16,22,,,,0
1969,20-Sep,vs.,Washington State,L,18,19,,,,0
1969,27-Sep,vs.,Missouri,L,6,37,@ St. Louis, MO,,0
1969,4-Oct,vs.,Iowa State,L,20,48,,,,0
1969,11-Oct,vs.,Northwestern,L,6,10,,,,2
1969,18-Oct,@,Indiana,L,20,41,,,,0
1969,25-Oct,@,Ohio State,L,0,41,,,,0
1969,1-Nov,vs.,Purdue,L,22,49,,,,0
1969,8-Nov,vs.,Michigan,L,0,57,,,,0
1969,15-Nov,@,Wisconsin,L,14,55,,,,0
1969,22-Nov,vs.,Iowa,L,0,40,,,,0
1968,21-Sep,vs.,Kansas,L,7,47,,,,0
1968,28-Sep,vs.,Missouri,L,0,44,,,,0
1968,5-Oct,@,Indiana,L,14,28,,,,0
1968,12-Oct,@,Minnesota,L,10,17,,,,0
1968,19-Oct,@,Notre Dame,L,8,58,,,,0
1968,26-Oct,vs.,Ohio State,L,24,31,,,,2
1968,2-Nov,@,Purdue,L,17,35,,,,0
1968,9-Nov,@,Michigan,L,0,36,,,,0
1968,16-Nov,vs.,Northwestern,W,14,0,,,,1
1968,23-Nov,vs.,Iowa,L,13,37,,,,1
1967,23-Sep,@,Florida,L,0,14,,,,0
1967,30-Sep,vs.,Pittsburgh,W,34,6,,,,0
1967,7-Oct,vs.,Indiana,L,7,20,,,,2
1967,14-Oct,vs.,Minnesota,L,7,10,,,,0
1967,21-Oct,vs.,Notre Dame,L,7,47,,,,0
1967,28-Oct,@,Ohio State,W,17,13,,,,1
1967,4-Nov,vs.,Purdue,L,9,42,,,,0
1967,11-Nov,vs.,Michigan,L,14,21,,,,1
1967,18-Nov,@,Northwestern,W,27,21,,,,0
1967,25-Nov,@,Iowa,W,21,19,,,,0
1966,17-Sep,@,Southern Methodist,L,7,26,,,,1
1966,24-Sep,vs.,Missouri,L,14,21,,,,0
1966,1-Oct,vs.,Michigan State,L,10,26,,,,0
1966,8-Oct,vs.,Ohio State,W,10,9,,,,0
1966,15-Oct,@,Indiana,W,24,10,,,,1
1966,22-Oct,vs.,Stanford,L,3,6,,,,0
1966,29-Oct,@,Purdue,L,21,25,,,,1
1966,5-Nov,@,Michigan,W,28,21,,,,0
1966,12-Nov,vs.,Wisconsin,W,49,14,,,,3
1966,19-Nov,@,Northwestern,L,7,35,,,,3
1965,18-Sep,vs.,Oregon State,L,10,12,,,,0
1965,25-Sep,vs.,Southern Methodist,W,42,0,,,,0
1965,2-Oct,@,Michigan State,L,12,22,,,,3
1965,9-Oct,@,Ohio State,L,14,28,,,,0
1965,16-Oct,vs.,Indiana,W,34,13,,,,0
1965,23-Oct,vs.,Duke,W,28,14,,,,0
1965,30-Oct,vs.,Purdue,W,21,0,,,,0
1965,6-Nov,vs.,Michigan,L,3,23,,,,0
1965,13-Nov,@,Wisconsin,W,51,0,,,,2
1965,20-Nov,@,Northwestern,W,20,6,,,,2
1964,26-Sep,@,California,W,20,14,,,,1
1964,3-Oct,@,Northwestern,W,17,6,,,,1
1964,10-Oct,vs.,Ohio State,L,0,26,,,,0
1964,17-Oct,@,Minnesota,W,14,0,,,,1
1964,24-Oct,vs.,UCLA,W,26,7,,,,1
1964,31-Oct,@,Purdue,L,14,26,,,,2
1964,7-Nov,@,Michigan,L,6,21,,,,0
1964,14-Nov,vs.,Wisconsin,W,29,0,,,,1
1964,21-Nov,vs.,Michigan State,W,16,0,,,,2
1963,1-Jan,vs.,Washington,W,17,7,@ Pasadena, CA,Rose Bowl,0
1963,28-Sep,vs.,California,W,10,0,,,,0
1963,5-Oct,vs.,Northwestern,W,10,9,,,,0
1963,12-Oct,@,Ohio State,T,20,20,,,,0
1963,19-Oct,vs.,Minnesota,W,16,6,,,,0
1963,25-Oct,@,UCLA,W,18,12,,,,0
1963,2-Nov,vs.,Purdue,W,41,21,,,,1
1963,9-Nov,vs.,Michigan,L,8,14,,,,0
1963,16-Nov,@,Wisconsin,W,17,7,,,,0
1963,28-Nov,@,Michigan State,W,13,0,,,,1
1962,29-Sep,@,Washington,L,7,28,,,,0
1962,6-Oct,@,Northwestern,L,0,45,,,,0
1962,13-Oct,vs.,Ohio State,L,15,51,,,,0
1962,20-Oct,@,Minnesota,L,0,17,,,,0
1962,27-Oct,vs.,Southern California,L,16,28,,,,0
1962,3-Nov,@,Purdue,W,14,10,,,,0
1962,10-Nov,@,Michigan,L,10,14,,,,0
1962,17-Nov,vs.,Wisconsin,L,6,35,,,,0
1962,24-Nov,vs.,Michigan State,W,7,6,,,,0
1961,30-Sep,vs.,Washington,L,7,20,,,,0
1961,7-Oct,vs.,Northwestern,L,7,28,,,,0
1961,14-Oct,@,Ohio State,L,0,44,,,,0
1961,21-Oct,vs.,Minnesota,L,0,33,,,,0
1961,28-Oct,@,Southern California,L,10,14,,,,0
1961,4-Nov,vs.,Purdue,L,9,23,,,,1
1961,11-Nov,vs.,Michigan,L,6,38,,,,0
1961,18-Nov,@,Wisconsin,L,7,55,,,,2
1961,25-Nov,@,Michigan State,L,7,34,,,,0
1960,24-Sep,vs.,Indiana,W,17,6,,,,0
1960,1-Oct,vs.,West Virginia,W,33,0,,,,0
1960,8-Oct,vs.,Ohio State,L,7,34,,,,1
1960,15-Oct,@,Minnesota,L,10,21,,,,3
1960,22-Oct,vs.,Penn State,W,10,8,,,,0
1960,29-Oct,@,Purdue,W,14,12,,,,0
1960,5-Nov,@,Michigan,L,7,8,,,,0
1960,12-Nov,vs.,Wisconsin,W,35,14,,,,1
1960,19-Nov,@,Northwestern,L,7,14,,,,3
1959,26-Sep,@,Indiana,L,0,20,,,,0
1959,3-Oct,vs.,Army,W,20,14,,,,0
1959,10-Oct,@,Ohio State,W,9,0,,,,0
1959,17-Oct,vs.,Minnesota,W,14,6,,,,2
1959,24-Oct,vs.,Penn State,L,9,20,@ Cleveland, OH,,0
1959,31-Oct,vs.,Purdue,T,7,7,,,,0
1959,7-Nov,vs.,Michigan,L,15,20,,,,2
1959,14-Nov,@,Wisconsin,W,9,6,,,,0
1959,21-Nov,vs.,Northwestern,W,28,0,,,,2
1958,27-Sep,vs.,UCLA,L,14,18,,,,0
1958,4-Oct,@,Duke,L,13,15,,,,0
1958,11-Oct,vs.,Ohio State,L,13,19,,,,0
1958,18-Oct,@,Minnesota,W,20,8,,,,1
1958,25-Oct,vs.,Michigan State,W,16,0,,,,0
1958,1-Nov,@,Purdue,L,8,31,,,,0
1958,8-Nov,@,Michigan,W,21,8,,,,1
1958,15-Nov,vs.,Wisconsin,L,12,31,,,,0
1958,22-Nov,vs.,Northwestern,W,27,20,,,,1
1957,27-Sep,@,UCLA,L,6,16,,,,0
1957,5-Oct,vs.,Colgate,W,40,0,,,,0
1957,12-Oct,@,Ohio State,L,7,21,,,,0
1957,19-Oct,vs.,Minnesota,W,34,13,,,,0
1957,26-Oct,@,Michigan State,L,14,19,,,,1
1957,2-Nov,vs.,Purdue,L,6,21,,,,0
1957,9-Nov,vs.,Michigan,W,20,19,,,,0
1957,16-Nov,@,Wisconsin,L,13,24,,,,0
1957,23-Nov,vs.,Northwestern,W,27,0,,,,0
1956,29-Sep,vs.,California,W,32,20,,,,1
1956,6-Oct,@,Washington,L,13,28,,,,0
1956,13-Oct,vs.,Ohio State,L,6,26,,,,0
1956,20-Oct,@,Minnesota,L,13,16,,,,1
1956,27-Oct,vs.,Michigan State,W,20,13,,,,0
1956,3-Nov,@,Purdue,T,7,7,,,,0
1956,10-Nov,@,Michigan,L,7,17,,,,1
1956,17-Nov,vs.,Wisconsin,T,13,13,,,,1
1956,24-Nov,@,Northwestern,L,13,14,,,,0
1955,24-Sep,@,California,W,20,13,,,,0
1955,1-Oct,vs.,Iowa State,W,40,0,,,,0
1955,8-Oct,@,Ohio State,L,12,27,,,,0
1955,15-Oct,vs.,Minnesota,W,21,13,,,,0
1955,22-Oct,@,Michigan State,L,7,21,,,,0
1955,29-Oct,vs.,Purdue,L,0,13,,,,0
1955,5-Nov,vs.,Michigan,W,25,6,,,,0
1955,12-Nov,@,Wisconsin,W,17,14,,,,0
1955,19-Nov,@,Northwestern,T,7,7,,,,0
1954,25-Sep,vs.,Penn State,L,12,14,,,,0
1954,2-Oct,@,Stanford,L,2,12,,,,1
1954,9-Oct,vs.,Ohio State,L,7,40,,,,1
1954,16-Oct,@,Minnesota,L,6,19,,,,1
1954,23-Oct,vs.,Syracuse,W,34,6,,,,1
1954,30-Oct,@,Purdue,L,14,28,,,,1
1954,6-Nov,@,Michigan,L,7,14,,,,4
1954,13-Nov,vs.,Wisconsin,L,14,27,,,,0
1954,20-Nov,vs.,Northwestern,L,7,20,,,,1
1953,26-Sep,vs.,Nebraska,T,21,21,,,,0
1953,3-Oct,vs.,Stanford,W,33,21,,,,0
1953,10-Oct,@,Ohio State,W,41,20,,,,0
1953,17-Oct,vs.,Minnesota,W,27,7,,,,0
1953,24-Oct,vs.,Syracuse,W,20,13,,,,0
1953,31-Oct,vs.,Purdue,W,21,0,,,,0
1953,7-Nov,vs.,Michigan,W,19,3,,,,3
1953,14-Nov,@,Wisconsin,L,7,34,,,,0
1953,21-Nov,@,Northwestern,W,39,14,,,,0
1952,27-Sep,vs.,Iowa State,W,33,7,,,,0
1952,4-Oct,@,Wisconsin,L,6,20,,,,1
1952,11-Oct,vs.,Washington,W,48,14,,,,2
1952,18-Oct,@,Minnesota,L,7,13,,,,0
1952,25-Oct,vs.,Purdue,L,12,40,,,,0
1952,1-Nov,@,Michigan,W,22,13,,,,2
1952,8-Nov,@,Iowa,W,33,13,,,,10
1952,15-Nov,vs.,Ohio State,L,7,27,,,,0
1952,22-Nov,vs.,Northwestern,L,26,28,,,,1
1951,1-Jan,vs.,Stanford,W,40,7,@ Pasadena, CA,Rose Bowl,0
1951,29-Sep,vs.,UCLA,W,27,13,,,,1
1951,6-Oct,vs.,Wisconsin,W,14,10,,,,0
1951,13-Oct,@,Syracuse,W,41,20,,,,0
1951,20-Oct,@,Washington,W,27,20,,,,1
1951,27-Oct,@,Indiana,W,21,0,,,,2
1951,3-Nov,vs.,Michigan,W,7,0,,,,1
1951,10-Nov,vs.,Iowa,W,40,13,,,,9
1951,17-Nov,@,Ohio State,T,0,0,,,,1
1951,24-Nov,@,Northwestern,W,3,0,,,,0
1950,30-Sep,vs.,Ohio,W,28,2,,,,0
1950,7-Oct,vs.,Wisconsin,L,6,7,,,,0
1950,13-Oct,@,UCLA,W,14,6,,,,0
1950,21-Oct,vs.,Washington,W,20,13,,,,0
1950,28-Oct,vs.,Indiana,W,20,0,,,,1
1950,4-Nov,@,Michigan,W,7,0,,,,0
1950,11-Nov,@,Iowa,W,21,7,,,,8
1950,18-Nov,vs.,Ohio State,W,14,7,,,,0
1950,25-Nov,@,Northwestern,L,7,14,,,,0
1949,24-Sep,vs.,Iowa State,T,20,20,,,,0
1949,1-Oct,vs.,Wisconsin,T,13,13,,,,0
1949,8-Oct,@,Iowa,W,20,14,,,,7
1949,15-Oct,vs.,Missouri,L,20,27,,,,0
1949,22-Oct,@,Purdue,W,19,0,,,,1
1949,29-Oct,vs.,Michigan,L,0,13,,,,0
1949,5-Nov,vs.,Indiana,W,33,14,,,,0
1949,12-Nov,@,Ohio State,L,17,30,,,,0
1949,19-Nov,vs.,Northwestern,L,7,9,,,,0
1948,25-Sep,vs.,Kansas State,W,40,0,,,,0
1948,2-Oct,@,Wisconsin,L,16,20,,,,0
1948,9-Oct,vs.,Army,L,21,26,,,,0
1948,16-Oct,@,Minnesota,L,0,6,,,,1
1948,23-Oct,vs.,Purdue,W,10,6,,,,0
1948,30-Oct,@,Michigan,L,20,28,,,,0
1948,6-Nov,vs.,Iowa,W,14,0,,,,6
1948,13-Nov,vs.,Ohio State,L,7,34,,,,2
1948,20-Nov,@,Northwestern,L,7,20,,,,0
1947,27-Sep,vs.,Pittsburgh,W,14,0,,,,4
1947,4-Oct,@,Iowa,W,35,12,,,,5
1947,11-Oct,vs.,Army,T,0,0,@ Bronx, NY,,0
1947,18-Oct,vs.,Minnesota,W,40,13,,,,0
1947,25-Oct,@,Purdue,L,7,14,,,,1
1947,1-Nov,vs.,Michigan,L,7,14,,,,1
1947,8-Nov,vs.,Western Michigan,W,60,14,,,,0
1947,15-Nov,@,Ohio State,W,28,7,,,,1
1947,22-Nov,vs.,Northwestern,L,13,28,,,,1
1946,1-Jan,vs.,UCLA,W,45,14,@ Pasadena, CA,Rose Bowl,0
1946,21-Sep,@,Pittsburgh,W,33,7,,,,3
1946,28-Sep,vs.,Notre Dame,L,6,26,,,,0
1946,5-Oct,vs.,Purdue,W,43,7,,,,0
1946,12-Oct,@,Indiana,L,7,14,,,,0
1946,19-Oct,vs.,Wisconsin,W,27,21,,,,0
1946,26-Oct,@,Michigan,W,13,9,,,,0
1946,2-Nov,@,Iowa,W,7,0,,,,4
1946,16-Nov,vs.,Ohio State,W,16,7,,,,0
1946,23-Nov,@,Northwestern,W,20,0,,,,0
1945,22-Sep,vs.,Pittsburgh,W,23,6,,,,2
1945,29-Sep,@,Notre Dame,L,0,7,,,,0
1945,6-Oct,vs.,Indiana,L,0,6,,,,1
1945,20-Oct,@,Wisconsin,T,7,7,,,,0
1945,27-Oct,vs.,Michigan,L,0,19,,,,0
1945,3-Nov,vs.,Great Lakes Navy,L,6,12,,,,0
1945,10-Nov,vs.,Iowa,W,48,7,,,,3
1945,17-Nov,@,Ohio State,L,2,27,,,,0
1945,24-Nov,@,Northwestern,L,7,13,,,,1
1944,16-Sep,vs.,Illinois State,W,79,0,,,,0
1944,23-Sep,vs.,Indiana,W,26,18,,,,0
1944,30-Sep,@,Great Lakes Navy,T,26,26,,,,0
1944,7-Oct,vs.,Purdue,L,19,35,,,,0
1944,14-Oct,vs.,Iowa,W,40,6,,,,2
1944,21-Oct,@,Pittsburgh,W,39,5,,,,1
1944,28-Oct,vs.,Notre Dame,L,7,13,,,,0
1944,11-Nov,@,Michigan,L,0,14,,,,0
1944,18-Nov,vs.,Ohio State,L,12,26,@ Cleveland, OH,,0
1944,25-Nov,@,Northwestern,W,25,6,,,,0
1943,11-Sep,vs.,Camp Grant,L,0,23,,,,1
1943,18-Sep,vs.,Iowa Pre-Flight,L,18,32,,,,0
1943,2-Oct,@,Purdue,L,21,40,,,,0
1943,9-Oct,@,Wisconsin,W,25,7,,,,0
1943,16-Oct,vs.,Pittsburgh,W,33,25,,,,0
1943,23-Oct,@,Notre Dame,L,0,47,,,,0
1943,30-Oct,vs.,Michigan,L,6,42,,,,0
1943,6-Nov,@,Iowa,W,19,10,,,,1
1943,13-Nov,@,Ohio State,L,26,29,,,,0
1943,20-Nov,@,Northwestern,L,6,53,,,,1
1942,26-Sep,vs.,South Dakota,W,46,0,,,,0
1942,3-Oct,vs.,Butler,W,67,0,,,,0
1942,10-Oct,vs.,Minnesota,W,20,13,,,,0
1942,17-Oct,@,Iowa,W,12,7,,,,0
1942,24-Oct,vs.,Notre Dame,L,14,21,,,,0
1942,31-Oct,@,Michigan,L,14,28,,,,0
1942,7-Nov,@,Northwestern,W,14,7,,,,0
1942,14-Nov,vs.,Ohio State,L,20,44,@ Cleveland, OH,,0
1942,21-Nov,vs.,Great Lakes Navy,L,0,6,,,,0
1942,28-Nov,@,Camp Grant,W,20,0,,,,0
1941,4-Oct,vs.,Miami,W,45,0,,,,0
1941,11-Oct,@,Minnesota,L,6,34,,,,0
1941,18-Oct,vs.,Drake,W,40,0,,,,0
1941,25-Oct,@,Notre Dame,L,14,49,,,,0
1941,1-Nov,vs.,Michigan,L,0,20,,,,0
1941,8-Nov,vs.,Iowa,L,0,21,,,,0
1941,15-Nov,@,Ohio State,L,7,12,,,,0
1941,22-Nov,@,Northwestern,L,0,27,,,,0
1940,5-Oct,vs.,Bradley,W,31,0,,,,0
1940,12-Oct,vs.,Southern California,L,7,13,,,,0
1940,19-Oct,@,Michigan,L,0,28,,,,1
1940,26-Oct,vs.,Notre Dame,L,0,26,,,,0
1940,2-Nov,@,Wisconsin,L,6,13,,,,1
1940,9-Nov,@,Northwestern,L,14,32,,,,0
1940,16-Nov,vs.,Ohio State,L,6,14,,,,0
1940,23-Nov,@,Iowa,L,7,18,,,,0
1939,30-Sep,vs.,Bradley,T,0,0,,,,0
1939,14-Oct,@,Southern California,L,0,26,,,,0
1939,21-Oct,vs.,Indiana,L,6,7,,,,1
1939,28-Oct,@,Northwestern,L,0,13,,,,0
1939,4-Nov,vs.,Michigan,W,16,7,,,,0
1939,11-Nov,vs.,Wisconsin,W,7,0,,,,0
1939,18-Nov,@,Ohio State,L,0,21,,,,0
1939,25-Nov,@,Chicago,W,46,0,,,,3
1938,24-Sep,vs.,Ohio,L,0,6,,,,1
1938,1-Oct,vs.,DePaul,W,44,7,,,,0
1938,8-Oct,vs.,Indiana,W,12,2,,,,0
1938,15-Oct,@,Notre Dame,L,6,14,,,,0
1938,22-Oct,vs.,Northwestern,L,0,13,,,,1
1938,29-Oct,@,Michigan,L,0,14,,,,0
1938,12-Nov,vs.,Ohio State,L,14,32,,,,0
1938,19-Nov,@,Chicago,W,34,0,,,,2
1937,25-Sep,vs.,Ohio,W,20,6,,,,0
1937,2-Oct,vs.,DePaul,T,0,0,,,,1
1937,9-Oct,vs.,Notre Dame,T,0,0,,,,0
1937,16-Oct,@,Indiana,L,6,13,,,,0
1937,30-Oct,vs.,Michigan,L,6,7,,,,3
1937,6-Nov,@,Northwestern,W,6,0,,,,0
1937,13-Nov,@,Ohio State,L,0,19,,,,0
1937,20-Nov,vs.,Chicago,W,21,0,,,,1
1936,26-Sep,vs.,DePaul,W,9,6,,,,0
1936,3-Oct,vs.,Washington,W,13,7,,,,3
1936,10-Oct,vs.,Southern California,L,6,24,,,,1
1936,17-Oct,@,Iowa,T,0,0,,,,0
1936,24-Oct,vs.,Northwestern,L,2,13,,,,0
1936,31-Oct,@,Michigan,W,9,6,,,,2
1936,14-Nov,vs.,Ohio State,L,0,13,,,,0
1936,21-Nov,@,Chicago,W,18,7,,,,0
1935,28-Sep,vs.,Ohio,L,0,6,,,,0
1935,5-Oct,vs.,Washington,W,28,6,,,,2
1935,12-Oct,@,Southern California,W,19,0,,,,0
1935,26-Oct,vs.,Iowa,L,0,19,,,,0
1935,2-Nov,@,Northwestern,L,3,10,,,,2
1935,9-Nov,vs.,Michigan,W,3,0,,,,1
1935,16-Nov,@,Ohio State,L,0,6,,,,1
1935,23-Nov,vs.,Chicago,L,6,7,,,,3
1934,29-Sep,vs.,Bradley,W,40,7,,,,0
1934,6-Oct,@,Washington,W,12,7,,,,1
1934,13-Oct,vs.,Ohio State,W,14,13,,,,0
1934,27-Oct,@,Michigan,W,7,6,,,,0
1934,3-Nov,vs.,Army,W,7,0,,,,0
1934,10-Nov,@,Northwestern,W,14,3,,,,1
1934,17-Nov,@,Wisconsin,L,3,7,,,,1
1934,24-Nov,@,Chicago,W,6,0,,,,2
1933,30-Sep,vs.,Drake,W,13,6,,,,0
1933,7-Oct,@,Washington,W,21,6,,,,0
1933,14-Oct,vs.,Wisconsin,W,21,0,,,,0
1933,21-Oct,vs.,Army,L,0,6,@ Cleveland, OH,,0
1933,4-Nov,vs.,Michigan,L,6,7,,,,0
1933,11-Nov,@,Northwestern,W,3,0,,,,0
1933,18-Nov,vs.,Chicago,W,7,0,,,,1
1933,25-Nov,@,Ohio State,L,6,7,,,,0
1932,1-Oct,vs.,Coe,W,13,0,,,,0
1932,1-Oct,vs.,Miami,W,20,7,,,,0
1932,8-Oct,vs.,Bradley,W,20,0,,,,1
1932,15-Oct,vs.,Northwestern,L,0,26,,,,0
1932,22-Oct,@,Michigan,L,0,32,,,,0
1932,29-Oct,@,Chicago,W,13,7,,,,0
1932,5-Nov,@,Wisconsin,L,12,20,,,,0
1932,12-Nov,vs.,Indiana,W,18,6,,,,0
1932,19-Nov,vs.,Ohio State,L,0,3,,,,0
1931,3-Oct,vs.,St. Louis,W,20,6,,,,0
1931,10-Oct,@,Purdue,L,0,7,,,,0
1931,17-Oct,vs.,Bradley,W,20,0,,,,0
1931,24-Oct,vs.,Michigan,L,0,35,,,,0
1931,31-Oct,@,Northwestern,L,6,32,,,,0
1931,7-Nov,vs.,Wisconsin,L,6,7,,,,0
1931,14-Nov,vs.,Chicago,L,6,13,,,,6
1931,21-Nov,@,Ohio State,L,0,40,,,,0
1930,4-Oct,vs.,Iowa State,W,7,0,,,,0
1930,11-Oct,vs.,Butler,W,27,0,,,,0
1930,18-Oct,vs.,Northwestern,L,0,32,,,,0
1930,25-Oct,@,Michigan,L,7,15,,,,1
1930,1-Nov,vs.,Purdue,L,0,25,,,,0
1930,8-Nov,vs.,Army,L,0,13,@ Bronx, NY,,1
1930,15-Nov,@,Chicago,W,28,0,,,,5
1930,22-Nov,vs.,Ohio State,L,9,12,,,,3
1929,5-Oct,vs.,Kansas,W,25,0,,,,0
1929,12-Oct,vs.,Bradley,W,45,0,,,,2
1929,20-Oct,@,Iowa,T,7,7,,,,0
1929,26-Oct,vs.,Michigan,W,14,0,,,,0
1929,2-Nov,@,Northwestern,L,0,7,,,,2
1929,9-Nov,vs.,Army,W,17,7,,,,0
1929,16-Nov,vs.,Chicago,W,20,6,,,,4
1929,23-Nov,@,Ohio State,W,27,0,,,,2
1928,6-Oct,vs.,Bradley,W,33,6,,,,1
1928,13-Oct,vs.,Coe,W,31,0,,,,0
1928,20-Oct,vs.,Indiana,W,13,7,,,,0
1928,27-Oct,vs.,Northwestern,W,6,0,,,,1
1928,3-Nov,@,Michigan,L,0,3,,,,1
1928,10-Nov,@,Butler,W,14,0,,,,5
1928,17-Nov,@,Chicago,W,40,0,,,,3
1928,24-Nov,vs.,Ohio State,W,8,0,,,,1
1927,1-Oct,vs.,Bradley,W,19,0,,,,0
1927,8-Oct,vs.,Butler,W,58,0,,,,4
1927,15-Oct,vs.,Iowa State,T,12,12,,,,0
1927,22-Oct,@,Northwestern,W,7,6,,,,0
1927,29-Oct,vs.,Michigan,W,14,0,,,,0
1927,5-Nov,@,Iowa,W,14,0,,,,1
1927,12-Nov,vs.,Chicago,W,15,6,,,,2
1927,19-Nov,@,Ohio State,W,13,0,,,,0
1926,2-Oct,vs.,Coe,W,27,0,,,,0
1926,9-Oct,vs.,Butler,W,38,7,,,,3
1926,16-Oct,vs.,Iowa,W,13,6,,,,0
1926,23-Oct,@,Michigan,L,0,13,,,,0
1926,30-Oct,vs.,Pennsylvania,W,3,0,,,,1
1926,6-Nov,@,Chicago,W,7,0,,,,1
1926,13-Nov,vs.,Wabash,W,27,13,,,,1
1926,20-Nov,vs.,Ohio State,L,6,7,,,,3
1925,3-Oct,vs.,Nebraska,L,0,14,,,,2
1925,10-Oct,vs.,Butler,W,16,13,,,,2
1925,17-Oct,@,Iowa,L,10,12,,,,2
1925,24-Oct,vs.,Michigan,L,0,3,,,,1
1925,31-Oct,@,Pennsylvania,W,24,2,,,,0
1925,7-Nov,vs.,Chicago,W,13,6,,,,0
1925,14-Nov,vs.,Wabash,W,21,0,,,,0
1925,21-Nov,@,Ohio State,W,14,9,,,,2
1924,4-Oct,@,Nebraska,W,9,6,,,,1
1924,11-Oct,vs.,Butler,W,40,10,,,,1
1924,18-Oct,vs.,Michigan,W,39,14,,,,0
1924,25-Oct,vs.,DePauw,W,45,0,,,,0
1924,1-Nov,vs.,Iowa,W,36,0,,,,1
1924,8-Nov,@,Chicago,T,21,21,,,,1
1924,15-Nov,@,Minnesota,L,7,20,,,,0
1924,22-Nov,vs.,Ohio State,W,7,0,,,,1
1923,6-Oct,vs.,Nebraska,W,24,7,,,,0
1923,13-Oct,vs.,Butler,W,21,7,,,,0
1923,20-Oct,@,Iowa,W,9,6,,,,0
1923,27-Oct,vs.,Northwestern,W,29,0,@ Chicago, IL,,1
1923,3-Nov,vs.,Chicago,W,7,0,,,,0
1923,10-Nov,vs.,Wisconsin,W,10,0,,,,1
1923,17-Nov,vs.,Mississippi State,W,27,0,,,,0
1923,24-Nov,@,Ohio State,W,9,0,,,,0
1922,14-Oct,vs.,Butler,L,7,10,,,,0
1922,21-Oct,vs.,Iowa,L,7,8,,,,0
1922,28-Oct,@,Michigan,L,0,24,,,,0
1922,4-Nov,vs.,Northwestern,W,6,3,,,,0
1922,11-Nov,@,Wisconsin,W,3,0,,,,0
1922,18-Nov,@,Chicago,L,0,9,,,,0
1922,25-Nov,vs.,Ohio State,L,3,6,,,,1
1921,8-Oct,vs.,South Dakota,W,52,0,,,,0
1921,15-Oct,@,Iowa,L,2,14,,,,3
1921,22-Oct,vs.,Wisconsin,L,0,20,,,,0
1921,29-Oct,vs.,Michigan,L,0,3,,,,2
1921,5-Nov,vs.,DePauw,W,21,0,,,,0
1921,12-Nov,vs.,Chicago,L,6,14,,,,3
1921,19-Nov,@,Ohio State,W,7,0,,,,0
1920,9-Oct,vs.,Drake,W,41,0,,,,0
1920,16-Oct,vs.,Iowa,W,20,3,,,,2
1920,23-Oct,@,Michigan,W,7,6,,,,1
1920,30-Oct,vs.,Minnesota,W,17,7,,,,1
1920,6-Nov,@,Chicago,W,3,0,,,,2
1920,13-Nov,@,Wisconsin,L,9,14,,,,0
1920,20-Nov,vs.,Ohio State,L,0,7,,,,2
1919,11-Oct,@,Purdue,W,14,7,,,,0
1919,18-Oct,vs.,Iowa,W,9,7,,,,1
1919,25-Oct,vs.,Wisconsin,L,10,14,,,,2
1919,1-Nov,vs.,Chicago,W,10,0,,,,1
1919,8-Nov,@,Minnesota,W,10,6,,,,0
1919,15-Nov,vs.,Michigan,W,29,7,,,,0
1919,22-Nov,@,Ohio State,W,9,7,,,,1
1918,4-Oct,@,Chanute Field,W,3,0,,,,0
1918,12-Oct,vs.,Great Lakes Navy,L,0,7,,,,0
1918,26-Oct,vs.,Chicago Naval Reserve,L,0,7,,,,0
1918,2-Nov,@,Iowa,W,19,0,,,,0
1918,9-Nov,@,Wisconsin,W,22,0,,,,1
1918,16-Nov,vs.,Ohio State,W,13,0,,,,0
1918,23-Nov,@,Chicago,W,29,0,,,,0
1917,6-Oct,vs.,Kansas,W,22,0,,,,1
1917,13-Oct,vs.,Oklahoma,W,44,0,,,,0
1917,20-Oct,vs.,Wisconsin,W,7,0,,,,0
1917,27-Oct,vs.,Purdue,W,27,0,,,,1
1917,3-Nov,@,Chicago,T,0,0,,,,0
1917,17-Nov,@,Ohio State,L,0,13,,,,0
1917,24-Nov,vs.,Minnesota,L,6,27,,,,1
1917,29-Nov,@,Camp Funston,W,28,0,,,,0
1916,7-Oct,vs.,Kansas,W,30,0,,,,0
1916,14-Oct,vs.,Colgate,L,3,15,,,,0
1916,21-Oct,vs.,Ohio State,L,6,7,,,,0
1916,28-Oct,@,Purdue,W,14,7,,,,0
1916,11-Nov,@,Minnesota,W,14,9,,,,0
1916,18-Nov,vs.,Chicago,L,7,20,,,,2
1916,25-Nov,@,Wisconsin,T,0,0,,,,2
1915,2-Oct,vs.,Haskell,W,36,0,,,,0
1915,9-Oct,vs.,Missouri-Rolla,W,75,7,,,,0
1915,16-Oct,@,Ohio State,T,3,3,,,,1
1915,23-Oct,vs.,Northwestern,W,36,6,,,,2
1915,6-Nov,vs.,Minnesota,T,6,6,,,,1
1915,13-Nov,vs.,Wisconsin,W,17,3,,,,1
1915,20-Nov,@,Chicago,W,10,0,,,,1
1914,3-Oct,vs.,Christian Brothers,W,37,0,,,,0
1914,10-Oct,vs.,Indiana,W,51,0,,,,2
1914,17-Oct,vs.,Ohio State,W,37,0,,,,0
1914,24-Oct,@,Northwestern,W,33,0,,,,1
1914,31-Oct,@,Minnesota,W,21,6,,,,0
1914,14-Nov,vs.,Chicago,W,21,7,,,,0
1914,21-Nov,@,Wisconsin,W,24,9,,,,0
1913,4-Oct,vs.,Kentucky,W,21,0,,,,0
1913,11-Oct,vs.,Missouri,W,24,7,,,,0
1913,18-Oct,vs.,Northwestern,W,37,0,,,,0
1913,25-Oct,@,Indiana,W,10,0,,,,1
1913,1-Nov,@,Chicago,L,7,28,,,,0
1913,15-Nov,vs.,Purdue,T,0,0,,,,0
1913,22-Nov,vs.,Minnesota,L,9,19,,,,0
1912,5-Oct,vs.,Illinois Wesleyan,W,87,3,,,,0
1912,12-Oct,vs.,Washington,W,13,0,,,,0
1912,19-Oct,vs.,Indiana,W,13,7,,,,0
1912,2-Nov,@,Minnesota,L,0,13,,,,0
1912,9-Nov,@,Purdue,T,9,9,,,,6
1912,16-Nov,vs.,Chicago,L,0,10,,,,0
1912,23-Nov,@,Northwestern,L,0,6,,,,4
1911,7-Oct,vs.,James Millikin,W,33,0,,,,2
1911,14-Oct,vs.,St. Louis,W,9,0,,,,0
1911,21-Oct,@,Chicago,L,0,24,,,,1
1911,4-Nov,vs.,Purdue,W,12,3,,,,5
1911,11-Nov,@,Indiana,T,0,0,,,,4
1911,18-Nov,vs.,Northwestern,W,27,13,,,,3
1911,25-Nov,vs.,Minnesota,L,0,11,,,,0
1910,1-Oct,vs.,James Millikin,W,13,0,,,,1
1910,8-Oct,vs.,Drake,W,29,0,,,,0
1910,15-Oct,vs.,Chicago,W,3,0,,,,0
1910,29-Oct,@,Purdue,W,11,0,,,,4
1910,5-Nov,@,Indiana,W,3,0,,,,3
1910,12-Nov,@,Northwestern,W,27,0,,,,2
1910,19-Nov,vs.,Syracuse,W,3,0,,,,1
1909,2-Oct,vs.,James Millikin,W,23,0,,,,0
1909,9-Oct,vs.,Kentucky,L,2,6,,,,0
1909,16-Oct,@,Chicago,L,8,14,,,,0
1909,30-Oct,vs.,Purdue,W,24,6,,,,3
1909,6-Nov,vs.,Indiana,W,6,5,,,,2
1909,13-Nov,@,Northwestern,W,35,0,,,,1
1909,20-Nov,@,Syracuse,W,17,8,,,,0
1908,3-Oct,vs.,Monmouth,W,17,6,,,,0
1908,10-Oct,vs.,Marquette,T,6,6,,,,0
1908,17-Oct,@,Chicago,L,6,11,,,,0
1908,31-Oct,vs.,Indiana,W,10,0,,,,1
1908,7-Nov,vs.,Iowa,W,22,0,,,,0
1908,14-Nov,@,Purdue,W,15,6,,,,2
1908,21-Nov,vs.,Northwestern,W,64,8,,,,0
1907,19-Oct,vs.,Chicago,L,6,42,,,,0
1907,26-Oct,@,Wisconsin,W,15,4,,,,0
1907,2-Nov,vs.,Purdue,W,21,4,,,,1
1907,9-Nov,@,Iowa,L,12,25,,,,0
1907,22-Nov,@,Indiana,W,10,6,,,,0
1906,13-Oct,vs.,Wabash,T,0,0,,,,2
1906,27-Oct,@,Michigan,L,9,28,,,,0
1906,10-Nov,vs.,Wisconsin,L,6,16,,,,0
1906,17-Nov,@,Chicago,L,0,63,,,,0
1906,25-Nov,@,Purdue,W,5,0,,,,0
1905,30-Sep,vs.,Knox,W,6,0,,,,2
1905,4-Oct,vs.,Wabash,W,6,0,,,,1
1905,7-Oct,vs.,North Central,W,24,0,,,,1
1905,14-Oct,vs.,St. Louis,W,12,6,,,,0
1905,21-Oct,vs.,Purdue,L,0,29,,,,5
1905,28-Oct,vs.,Physicians & Surgeons,W,30,0,,,,2
1905,4-Nov,vs.,Michigan,L,0,33,,,,0
1905,18-Nov,@,Chicago,L,0,44,,,,0
1905,30-Nov,@,Nebraska,L,6,24,,,,0
1904,24-Sep,vs.,North Central,W,10,0,,,,0
1904,28-Sep,vs.,Wabash,W,23,2,,,,0
1904,1-Oct,vs.,Knox,W,11,0,,,,1
1904,5-Oct,vs.,Physicians & Surgeons,W,26,0,,,,1
1904,8-Oct,@,Washington,W,31,0,,,,0
1904,15-Oct,vs.,Indiana,W,10,0,,,,0
1904,22-Oct,@,Purdue,W,24,6,,,,4
1904,29-Oct,@,Chicago,T,6,6,,,,0
1904,5-Nov,@,Ohio State,W,46,0,,,,0
1904,12-Nov,@,Northwestern,L,6,12,,,,0
1904,19-Nov,vs.,Iowa,W,29,0,,,,0
1904,24-Nov,@,Nebraska,L,10,16,,,,0
1903,19-Sep,vs.,Englewood High,W,45,5,,,,2
1903,26-Sep,vs.,Lombard,W,43,0,,,,0
1903,30-Sep,vs.,American Osteopath,W,36,0,,,,1
1903,3-Oct,vs.,Knox,W,29,5,,,,0
1903,7-Oct,vs.,Physicians & Surgeons,W,40,0,,,,0
1903,10-Oct,vs.,Rush Medical,W,64,0,,,,0
1903,14-Oct,vs.,Chicago Dental,W,54,0,,,,0
1903,17-Oct,@,Purdue,W,24,0,,,,3
1903,24-Oct,@,Chicago,L,6,18,,,,0
1903,31-Oct,vs.,Northwestern,L,11,12,,,,1
1903,6-Nov,@,Indiana,L,0,17,,,,2
1903,14-Nov,vs.,Minnesota,L,0,32,,,,0
1903,21-Nov,@,Iowa,L,0,12,,,,2
1903,26-Nov,@,Nebraska,L,0,16,,,,0
1902,20-Sep,vs.,North Division High,W,34,6,,,,0
1902,27-Sep,vs.,Englewood High,W,45,0,,,,1
1902,1-Oct,vs.,American Osteopath,W,22,0,,,,0
1902,4-Oct,vs.,Monmouth,W,33,0,,,,0
1902,8-Oct,vs.,Haskell,W,24,10,,,,0
1902,11-Oct,vs.,Washington,W,44,0,,,,1
1902,18-Oct,vs.,Purdue,W,29,5,,,,2
1902,25-Oct,@,Chicago,L,0,6,,,,1
1902,1-Nov,vs.,Indiana,W,47,0,,,,1
1902,8-Nov,@,Minnesota,L,5,17,,,,0
1902,15-Nov,@,Ohio State,T,0,0,,,,0
1902,22-Nov,@,Northwestern,W,17,0,,,,0
1902,27-Nov,vs.,Iowa,W,80,0,,,,1
1901,28-Sep,vs.,Englewood High,W,39,0,,,,0
1901,5-Oct,vs.,Marion Sims,W,52,0,,,,0
1901,11-Oct,vs.,Physicians & Surgeons,W,23,0,,,,1
1901,12-Oct,vs.,Washington,W,21,0,,,,0
1901,19-Oct,@,Chicago,W,24,0,,,,0
1901,26-Oct,vs.,Northwestern,L,11,17,,,,0
1901,2-Nov,vs.,Indiana,W,18,0,@ Indianapolis, IN,,0
1901,9-Nov,@,Iowa,W,27,0,,,,0
1901,16-Nov,@,Purdue,W,28,6,,,,1
1901,28-Nov,vs.,Minnesota,L,0,16,,,,0
1900,29-Sep,vs.,Rose-Hulman,W,26,0,,,,0
1900,3-Oct,vs.,DePauw,W,63,0,,,,0
1900,6-Oct,vs.,Illinois Wesleyan,W,21,0,,,,2
1900,10-Oct,vs.,Physicians & Surgeons,W,6,0,,,,0
1900,13-Oct,vs.,Knox,W,16,0,,,,1
1900,16-Oct,vs.,Lombard,W,35,0,,,,0
1900,20-Oct,@,Northwestern,T,0,0,,,,0
1900,27-Oct,vs.,Michigan,L,0,12,@ Chicago, IL,,0
1900,3-Nov,vs.,Purdue,W,17,5,,,,0
1900,10-Nov,@,Minnesota,L,0,23,,,,0
1900,17-Nov,vs.,Indiana,T,0,0,@ Indianapolis, IN,,0
1900,24-Nov,@,Wisconsin,L,0,27,,,,0
1899,30-Sep,vs.,Illinois Wesleyan,W,6,0,,,,1
1899,7-Oct,@,Knox,W,5,0,,,,0
1899,14-Oct,vs.,Indiana,L,0,5,,,,0
1899,28-Oct,vs.,Michigan,L,0,5,,,,0
1899,6-Nov,vs.,Illinois Alumni,T,0,0,,,,0
1899,11-Nov,vs.,Wisconsin,L,0,23,@ Milwaukee, WI,,0
1899,22-Nov,vs.,Purdue,L,0,5,,,,0
1899,25-Nov,@,St. Louis,W,29,0,,,,0
1899,30-Nov,vs.,Iowa,L,0,58,@ Rock Island, IL,,0
1898,28-Sep,vs.,Illinois Wesleyan,W,18,0,,,,0
1898,1-Oct,vs.,Physicians & Surgeons,L,6,11,,,,1
1898,8-Oct,vs.,Notre Dame,L,0,5,,,,0
1898,15-Oct,vs.,DePauw,W,16,0,,,,0
1898,22-Oct,vs.,Illinois Alumni,W,10,6,,,,0
1898,4-Nov,vs.,Illinois Alumni,L,17,23,,,,0
1898,12-Nov,vs.,Michigan,L,5,12,@ Detroit, MI,,0
1898,19-Nov,vs.,Carlisle,L,0,11,@ Chicago, IL,,0
1898,24-Nov,vs.,Minnesota,W,11,10,,,,0
1897,2-Oct,vs.,Eureka,W,26,0,,,,0
1897,9-Oct,vs.,Physicians & Surgeons,W,6,0,,,,0
1897,16-Oct,vs.,Lake Forest,W,36,0,,,,3
1897,23-Oct,vs.,Purdue,W,34,4,,,,0
1897,30-Oct,vs.,Chicago,L,12,18,,,,0
1897,12-Nov,vs.,Knox,W,64,0,,,,1
1897,20-Nov,vs.,Carlisle,L,6,23,@ Chicago, IL,,0
1897,25-Nov,vs.,Eureka,W,6,0,@ Peoria, IL,,0
1896,3-Oct,vs.,Lake Forest,W,38,0,,,,2
1896,10-Oct,vs.,Knox,W,70,4,,,,0
1896,17-Oct,vs.,Missouri,W,10,0,@ St. Louis, MO,,0
1896,21-Oct,vs.,Oberlin,W,22,6,,,,0
1896,31-Oct,@,Chicago,L,0,12,,,,0
1896,7-Nov,vs.,Northwestern,L,4,10,,,,2
1896,25-Nov,@,Purdue,T,4,4,,,,0
1895,5-Oct,vs.,Wabash,W,48,0,,,,2
1895,12-Oct,@,Chicago A.C.,L,0,8,,,,0
1895,19-Oct,vs.,Illinois College,W,79,0,,,,0
1895,26-Oct,@,Wisconsin,T,10,10,,,,0
1895,2-Nov,vs.,Lake Forest,W,38,0,,,,1
1895,23-Nov,vs.,Northwestern,W,38,4,,,,1
1895,28-Nov,@,Purdue,L,2,6,,,,0
1894,6-Oct,@,Wabash,W,36,6,,,,1
1894,13-Oct,@,Chicago A.C.,L,0,14,,,,0
1894,20-Oct,vs.,Lake Forest,W,54,6,,,,0
1894,3-Nov,vs.,Northwestern,W,66,0,,,,0
1894,17-Nov,vs.,Purdue,L,2,22,,,,0
1894,24-Nov,vs.,Indianapolis Artillery,L,14,18,,,,0
1894,29-Nov,vs.,Pastime A.C.,W,10,0,@ St. Louis, MO,,1
1893,30-Sep,vs.,Wabash,W,60,6,,,,0
1893,7-Oct,@,DePauw,W,14,4,,,,1
1893,21-Oct,@,Northwestern,T,0,0,,,,0
1893,28-Oct,vs.,Chicago A.C.,L,4,10,,,,0
1893,6-Nov,vs.,Oberlin,L,24,34,,,,0
1893,11-Nov,vs.,Pastime A.C.,W,18,16,@ St. Louis, MO,,0
1893,25-Nov,@,Purdue,T,26,26,,,,0
1893,30-Nov,vs.,Lake Forest,T,10,10,,,,0
1892,8-Oct,vs.,Purdue,L,6,12,,,,0
1892,12-Oct,vs.,Northwestern,T,16,16,,,,0
1892,21-Oct,@,Washington,W,22,0,,,,0
1892,22-Oct,vs.,Doane,W,20,0,@ Omaha, NE,,0
1892,24-Oct,@,Nebraska,L,0,6,,,,0
1892,26-Oct,@,Baker,W,26,10,,,,0
1892,27-Oct,@,Kansas,L,4,26,,,,0
1892,29-Oct,@,Kansas City A.C.,W,42,0,,,,0
1892,5-Nov,vs.,Englewood High,W,38,0,,,,0
1892,16-Nov,@,Chicago,L,4,10,,,,0
1892,18-Nov,vs.,DePauw,W,34,0,,,,0
1892,24-Nov,vs.,Chicago,W,28,12,,,,0
